{"_step":49,"_wandb":{"runtime":3973},"loss":0.12073817664036375,"_timestamp":1.7319113980692537e+09,"_runtime":3973.32777656}