{"_step":49,"loss":0.08851330363065975,"_wandb":{"runtime":4020},"_timestamp":1.7319074113843665e+09,"_runtime":4020.829095374}