{"loss":0.261485945251884,"_timestamp":1.7316774383515532e+09,"_runtime":2661.067434603,"_step":24,"_wandb":{"runtime":2661}}