{"_step":49,"loss":0.16821261964929182,"_timestamp":1.731915343259723e+09,"_runtime":3932.762951175,"_wandb":{"runtime":3932}}