{"_step":49,"_wandb":{"runtime":3374},"loss":0.1599476026798232,"_timestamp":1.732014203091301e+09,"_runtime":3374.967401667}