{"_runtime":3422.261352871,"_step":49,"loss":0.11190306621953627,"_wandb":{"runtime":3422},"_timestamp":1.731929703773777e+09}