{"_timestamp":1.7320041830533245e+09,"_wandb":{"runtime":2894},"_runtime":2894.377553166,"_step":34,"loss":0.1124604958408628}