{"_timestamp":1.7320068600175905e+09,"_runtime":4121.842303162,"_step":49,"_wandb":{"runtime":4121},"loss":0.08040148144459469}