{"_wandb":{"runtime":2781},"loss":0.17650404169496767,"_timestamp":1.731672039492953e+09,"_runtime":2781.676368369,"_step":24}