{"_runtime":2910.387962738,"_step":34,"_wandb":{"runtime":2910},"loss":0.14632192444282846,"_timestamp":1.732007104643261e+09}