{"_step":49,"_wandb":{"runtime":3339},"loss":0.08180622889255268,"_timestamp":1.732013882571393e+09,"_runtime":3339.590403618}