{"_wandb":{"runtime":3943},"_timestamp":1.7320108179714336e+09,"_runtime":3943.587927056,"_step":49,"loss":0.11190306621953627}