{"loss":0.18337438600020023,"_timestamp":1.731669248691737e+09,"_runtime":2771.448022921,"_step":24,"_wandb":{"runtime":2771}}