{"loss":0.038133118449714724,"_timestamp":1.7320025447077153e+09,"_runtime":3993.5935167,"_step":49,"_wandb":{"runtime":3993}}