{"_runtime":5036.746784875,"_wandb":{"runtime":5036},"_step":49,"loss":0.06274928865022417,"_timestamp":1.7319212318700428e+09}