{"loss":0.1599476026798232,"_timestamp":1.7319329492439973e+09,"_wandb":{"runtime":3235},"_runtime":3235.854761823,"_step":49}