{"_timestamp":1.7319211359882998e+09,"_runtime":4896.971246812,"_step":49,"loss":0.07555916197221864,"_wandb":{"runtime":4896}}