{"_wandb":{"runtime":3175},"_timestamp":1.7319326546977553e+09,"_runtime":3175.182875385,"_step":49,"loss":0.1643249352784864}