{"_wandb":{"runtime":4859},"loss":0.08744279880354316,"_timestamp":1.731926012019833e+09,"_runtime":4859.790609686,"_step":49}