{"_wandb":{"runtime":4012},"loss":0.07792995270789949,"_timestamp":1.7319033789554808e+09,"_runtime":4012.106653359,"_step":49}