{"_step":49,"_wandb":{"runtime":5023},"loss":0.08040148144459469,"_timestamp":1.7319262696796374e+09,"_runtime":5023.297799204}