{"_step":0,"loss":1.0338986511952337,"_wandb":{"runtime":85},"_timestamp":1.7318992454828732e+09,"_runtime":83.812166505}