{"loss":0.06075731555608273,"_timestamp":1.732010529737825e+09,"_wandb":{"runtime":3929},"_runtime":3929.534406483,"_step":49}