{"_step":34,"loss":0.09839518190907037,"_timestamp":1.7320012781332288e+09,"_runtime":2809.460687348,"_wandb":{"runtime":2809}}