{"_runtime":4030.624859512,"_step":49,"_wandb":{"runtime":4030},"loss":0.04390663982409498,"_timestamp":1.73200658682073e+09}