{"_timestamp":1.7316747695846891e+09,"_runtime":2722.858399435,"_step":24,"loss":0.2040792543376071,"_wandb":{"runtime":2722}}