{"_timestamp":1.7320027249650457e+09,"_runtime":4106.248843772,"_step":49,"loss":0.06274928865022417,"_wandb":{"runtime":4106}}