{"_timestamp":1.7320099965823395e+09,"_wandb":{"runtime":2880},"_runtime":2880.128280434,"_step":34,"loss":0.19870544205896196}