{"_wandb":{"runtime":3441},"loss":0.12069719589154207,"_timestamp":1.731929469491907e+09,"_runtime":3441.758883628,"_step":49}